1,202420,139169,16/01/2024,15/07/2024,,,,,,V,,1800,2155,CEDJ,201
2,202420,139169,16/01/2024,15/07/2024,,,,,,V,,1800,2155,CEDJ,201
3,202420,43184,16/01/2024,15/07/2024,,M,,,,,,700,855,CEDJ,204
4,202420,43184,16/01/2024,15/07/2024,,,,J,,,,700,855,CVIRTU,
5,202420,43185,16/01/2024,15/07/2024,,,I,,,,,1800,1955,CEDJ,206
6,202420,43185,16/01/2024,15/07/2024,L,,,,,,,1800,1955,CVIRTU,
7,202420,43187,16/01/2024,15/07/2024,,M,,,,,,1100,1255,CEDJ,203
8,202420,43187,16/01/2024,15/07/2024,,,,J,,,,1100,1255,CVIRTU,
9,202420,43188,16/01/2024,15/07/2024,L,,,,,,,1100,1255,CEDJ,201
10,202420,43188,16/01/2024,15/07/2024,,,I,,,,,1100,1255,CVIRTU,
11,202420,43189,16/01/2024,15/07/2024,,M,,,,,,900,1055,CEDJ,202
12,202420,43189,16/01/2024,15/07/2024,,,,J,,,,900,1055,CVIRTU,
13,202420,43190,16/01/2024,15/07/2024,L,,,,,,,2000,2155,CEDJ,202
14,202420,43190,16/01/2024,15/07/2024,,,I,,,,,2000,2155,CVIRTU,
15,202420,43191,16/01/2024,15/07/2024,,,I,,,,,700,855,CEDJ,206
16,202420,43191,16/01/2024,15/07/2024,L,,,,,,,700,855,CVIRTU,
17,202420,43192,16/01/2024,15/07/2024,L,,,,,,,1300,1455,CEDJ,207
18,202420,43192,16/01/2024,15/07/2024,,,I,,,,,1300,1455,CVIRTU,
19,202420,43193,16/01/2024,15/07/2024,,M,,,,,,1100,1255,CEDJ,208
20,202420,43193,16/01/2024,15/07/2024,,,,J,,,,1100,1255,CVIRTU,
21,202420,43194,16/01/2024,15/07/2024,,,,,V,,,1600,1955,CEDJ,202
22,202420,43194,16/01/2024,15/07/2024,,,,,V,,,1600,1955,CEDJ,202
23,202420,43196,16/01/2024,15/07/2024,L,,,,,,,900,1055,CEDJ,202
24,202420,43196,16/01/2024,15/07/2024,,,I,,,,,900,1055,CVIRTU,
25,202420,43197,16/01/2024,15/07/2024,,M,,,,,,1800,1955,CEDJ,202
26,202420,43197,16/01/2024,15/07/2024,,,,J,,,,1800,1955,CVIRTU,
27,202420,81401,16/01/2024,15/07/2024,,,,J,,,,1300,1455,CVIRTU,
28,202420,81401,16/01/2024,15/07/2024,,M,,,,,,1300,1455,CEDJ,204
29,202420,81402,16/01/2024,15/07/2024,,,I,,,,,700,855,CVIRTU,
30,202420,81402,16/01/2024,15/07/2024,L,,,,,,,700,855,CEDJ,307
31,202420,83197,16/01/2024,15/07/2024,,M,,,,,,2000,2155,CEDJ,201
32,202420,83197,16/01/2024,15/07/2024,,,,J,,,,2000,2155,CVIRTU,
33,202420,83199,16/01/2024,15/07/2024,L,,,,,,,1100,1255,CVIRTU,
34,202420,83199,16/01/2024,15/07/2024,,,I,,,,,1100,1255,CEDJ,205
35,202420,101224,16/01/2024,15/07/2024,,M,,,,,,1600,1755,CEDJ,306
36,202420,101224,16/01/2024,15/07/2024,,,,J,,,,1600,1755,CVIRTU,
37,202420,112491,16/01/2024,15/07/2024,L,,,,,,,2000,2155,CEDJ,203
38,202420,112491,16/01/2024,15/07/2024,,,I,,,,,2000,2155,CVIRTU,
39,202420,122519,16/01/2024,15/07/2024,,,,,V,,,2030,2155,CBLJ,202
40,202420,122519,16/01/2024,15/07/2024,,,,,V,,,2030,2155,CBLJ,202
41,202420,153591,16/01/2024,15/07/2024,,M,,,,,,1800,1955,CEDJ,208
42,202420,153591,16/01/2024,15/07/2024,,,,J,,,,1800,1955,CVIRTU,
43,202420,153592,16/01/2024,15/07/2024,,,,,V,,,1600,1955,CEDJ,206
44,202420,153592,16/01/2024,15/07/2024,,,,,V,,,1600,1955,CEDJ,206
45,202420,153593,16/01/2024,15/07/2024,,,I,,,,,1100,1255,CVIRTU,
46,202420,153593,16/01/2024,15/07/2024,L,,,,,,,1100,1255,CEDJ,204
47,202420,154524,16/01/2024,15/07/2024,,,,,,S,,800,1355,CEDQ,211
48,202420,165150,16/01/2024,15/07/2024,L,,,,,,,1100,1255,CVIRTU,
49,202420,165150,16/01/2024,15/07/2024,,,I,,,,,1100,1255,CEDJ,201
50,202420,165151,16/01/2024,15/07/2024,,,I,,,,,900,1055,CEDJ,203
51,202420,165151,16/01/2024,15/07/2024,L,,,,,,,900,1055,CVIRTU,
52,202420,165152,16/01/2024,15/07/2024,,,I,,,,,1600,1755,CEDJ,202
53,202420,165152,16/01/2024,15/07/2024,L,,,,,,,1600,1755,CVIRTU,
54,202420,178256,16/01/2024,15/07/2024,,,,J,,,,1600,1755,CEDJ,201
55,202420,178256,16/01/2024,15/07/2024,,M,,,,,,1600,1755,CVIRTU,
56,202420,178263,16/01/2024,15/07/2024,,,,,V,,,1800,2155,CEDJ,207
57,202420,178263,16/01/2024,15/07/2024,,,,,V,,,1800,2155,CEDJ,207
58,202420,178836,16/01/2024,15/07/2024,L,,,,,,,900,1055,CVIRTU,
59,202420,178836,16/01/2024,15/07/2024,,,I,,,,,900,1055,CEDAA,0004A
60,202420,178837,16/01/2024,15/07/2024,,,I,,,,,900,1055,CEDAA,0004B
61,202420,178837,16/01/2024,15/07/2024,L,,,,,,,900,1055,CVIRTU,
62,202420,178838,16/01/2024,15/07/2024,L,,,,,,,700,855,CEDJ,206
63,202420,178838,16/01/2024,15/07/2024,,,I,,,,,700,855,CVIRTU,
64,202420,164950,16/01/2024,15/07/2024,,,,,V,,,1700,2155,CEDQ,209
65,202420,198775,16/01/2024,15/07/2024,,,,,V,,,1100,1355,CVIRTU,
66,202420,72612,16/01/2024,15/07/2024,L,,,,,,,1600,1755,CEDJ,203
67,202420,72612,16/01/2024,15/07/2024,,,I,,,,,1600,1755,CVIRTU,
68,202420,83204,16/01/2024,15/07/2024,L,,I,,,,,700,855,CEDJ,308
69,202420,83204,16/01/2024,15/07/2024,L,,I,,,,,700,855,CEDJ,308
70,202420,128696,16/01/2024,15/07/2024,,M,,,,,,900,1055,CEDJ,206
71,202420,128696,16/01/2024,15/07/2024,,,,J,,,,900,1055,CVIRTU,
72,202420,128698,16/01/2024,15/07/2024,L,,,,,,,1100,1255,CEDJ,203
73,202420,128698,16/01/2024,15/07/2024,,,I,,,,,1100,1255,CVIRTU,
74,202420,133213,16/01/2024,15/07/2024,L,,,,,,,1600,1755,CEDI,307
75,202420,133213,16/01/2024,15/07/2024,,,I,,,,,1600,1755,CVIRTU,
76,202420,145440,16/01/2024,15/07/2024,,M,,,,,,1800,1955,CEDJ,203
77,202420,145440,16/01/2024,15/07/2024,,,,J,,,,1800,1955,CVIRTU,
78,202420,153542,16/01/2024,15/07/2024,,,,,,S,,930,1055,CBLK,203
79,202420,153542,16/01/2024,15/07/2024,,,,,,S,,930,1055,CBLK,203
80,202420,43216,16/01/2024,15/07/2024,L,,,,,,,1100,1255,CEDJ,206
81,202420,43216,16/01/2024,15/07/2024,,,I,,,,,1100,1255,CVIRTU,
82,202420,43217,16/01/2024,15/07/2024,L,,,,,,,2000,2155,CEDJ,204
83,202420,43217,16/01/2024,15/07/2024,,,I,,,,,2000,2155,CVIRTU,
84,202420,43218,16/01/2024,15/07/2024,L,,,,,,,1800,1955,CEDJ,201
85,202420,43218,16/01/2024,15/07/2024,,,I,,,,,1800,1955,CVIRT,
86,202420,43220,16/01/2024,15/07/2024,,,,J,,,,900,1055,CEDJ,204
87,202420,43220,16/01/2024,15/07/2024,,M,,,,,,900,1055,CVIRTU,
88,202420,43222,16/01/2024,15/07/2024,,M,,,,,,1800,1955,CEDJ,204
89,202420,43222,16/01/2024,15/07/2024,,,,J,,,,1800,1955,CVIRTU,
90,202420,43223,16/01/2024,15/07/2024,L,,,,,,,900,1055,CEDJ,205
91,202420,43223,16/01/2024,15/07/2024,,,I,,,,,900,1055,CVIRTU,
92,202420,43224,16/01/2024,15/07/2024,,,,,V,,,1200,1555,CEDJ,206
93,202420,43224,16/01/2024,15/07/2024,,,,,V,,,1200,1555,CEDJ,206
94,202420,66396,16/01/2024,15/07/2024,,M,,,,,,1600,1755,CVIRTU,
95,202420,66396,16/01/2024,15/07/2024,,,,J,,,,1600,1755,CEDJ,204
96,202420,122543,16/01/2024,15/07/2024,,,,,V,,,1900,2025,CBLK,204
97,202420,122543,16/01/2024,15/07/2024,,,,,V,,,1900,2025,CBLK,204
98,202420,128685,16/01/2024,15/07/2024,,,I,,,,,700,855,CVIRTU,
99,202420,128685,16/01/2024,15/07/2024,L,,,,,,,700,855,CEDJ,203
100,202420,128690,16/01/2024,15/07/2024,,,,,V,,,900,1255,CEDF,308
101,202420,128690,16/01/2024,15/07/2024,,,,,V,,,900,1255,CEDF,308
102,202420,128697,16/01/2024,15/07/2024,,M,,,,,,700,855,CEDJ,208
103,202420,128697,16/01/2024,15/07/2024,,,,J,,,,700,855,CVIRTU,
104,202420,81421,16/01/2024,15/07/2024,,,,J,,,,1300,1455,CVIRTU,
105,202420,81421,16/01/2024,15/07/2024,,M,,,,,,1300,1455,CEDJ,309
106,202420,81423,16/01/2024,15/07/2024,,,I,,,,,1400,1555,CEDI,206
107,202420,81423,16/01/2024,15/07/2024,L,,,,,,,1400,1555,CVIRTU,
108,202420,83267,16/01/2024,15/07/2024,,,,J,,,,900,1055,CVIRTU,
109,202420,83267,16/01/2024,15/07/2024,,M,,,,,,900,1055,CEDJ,205
110,202420,83269,16/01/2024,15/07/2024,L,,,,,,,1600,1755,CEDJ,307
111,202420,83269,16/01/2024,15/07/2024,,,I,,,,,1600,1755,CVIRTU,
112,202420,83271,16/01/2024,15/07/2024,L,,,,,,,700,855,CVIRTU,
113,202420,83271,16/01/2024,15/07/2024,,,I,,,,,700,855,CEDJ,307
114,202420,101082,16/01/2024,15/07/2024,,,I,,,,,1400,1555,CEDJ,204
115,202420,101082,16/01/2024,15/07/2024,L,,,,,,,1400,1555,CVIRTU,
116,202420,109728,16/01/2024,15/07/2024,,M,,,,,,1100,1255,CEDJ,206
117,202420,109728,16/01/2024,15/07/2024,,,,J,,,,1100,1255,CVIRTU,
118,202420,109729,16/01/2024,15/07/2024,,,,J,,,,900,1055,CEDJ,202
119,202420,109729,16/01/2024,15/07/2024,,M,,,,,,900,1055,CVIRTU,
120,202420,109731,16/01/2024,15/07/2024,L,,,,,,,2000,2155,CVIRTU,
121,202420,109731,16/01/2024,15/07/2024,,,I,,,,,2000,2155,CEDJ,204
122,202420,109732,16/01/2024,15/07/2024,L,,,,,,,1800,1955,CEDJ,204
123,202420,109732,16/01/2024,15/07/2024,,,I,,,,,1800,1955,CVIRTU,
124,202420,153545,16/01/2024,15/07/2024,,,,,V,,,1900,2025,CBLJ,304
125,202420,153545,16/01/2024,15/07/2024,,,,,V,,,1900,2025,CBLJ,304
126,202420,159471,16/01/2024,15/07/2024,,,,,,S,,800,1355,CEDQ,210
127,202420,178383,16/01/2024,15/07/2024,,,I,,,,,1800,1955,CEDJ,202
128,202420,178383,16/01/2024,15/07/2024,L,,,,,,,1800,1955,CVIRTU,
129,202420,178843,16/01/2024,15/07/2024,L,,,,,,,1400,1555,CEDJ,203
130,202420,178843,16/01/2024,15/07/2024,,,I,,,,,1400,1555,CVIRTU,
131,202420,178844,16/01/2024,15/07/2024,,,,J,,,,1100,1255,CVIRTU,
132,202420,178844,16/01/2024,15/07/2024,,M,,,,,,1100,1255,CEDJ,309
133,202420,177769,16/01/2024,15/07/2024,,,,,V,,,1900,2155,CVIRTU,
134,202420,182226,16/01/2024,15/07/2024,L,,,,,,,1100,1355,CEDQ,105
135,202420,66674,16/01/2024,15/07/2024,,M,,J,,,,700,855,CVIRTU,
136,202420,66674,16/01/2024,15/07/2024,,M,,J,,,,700,855,CVIRTU,
137,202420,66789,16/01/2024,15/07/2024,L,,,,,,,900,1055,CEDJ,207
138,202420,66789,16/01/2024,15/07/2024,,,I,,,,,900,1055,CVIRTU,
139,202420,66877,16/01/2024,15/07/2024,,M,,,,,,2000,2155,CEDJ,204
140,202420,66877,16/01/2024,15/07/2024,,,,J,,,,2000,2155,CVIRTU,
141,202420,67255,16/01/2024,15/07/2024,,,I,,,,,900,1055,CVIRTU,
142,202420,67255,16/01/2024,15/07/2024,L,,,,,,,900,1055,CEDJ,209
143,202420,67325,16/01/2024,15/07/2024,,,,J,,,,2000,2155,CEDJ,204
144,202420,67325,16/01/2024,15/07/2024,,M,,,,,,2000,2155,CVIRTU,
145,202420,165148,16/01/2024,15/07/2024,,,I,,,,,900,1055,CVIRTU,
146,202420,165148,16/01/2024,15/07/2024,L,,,,,,,900,1055,CEDJ,309
147,202420,165149,16/01/2024,15/07/2024,,,,,V,,,900,1255,CEDJ,209
148,202420,165149,16/01/2024,15/07/2024,,,,,V,,,900,1255,CEDJ,209
149,202420,205705,16/01/2024,15/07/2024,,M,,J,,,,1600,1755,,STQ122
150,202420,205705,16/01/2024,15/07/2024,,M,,J,,,,1600,1755,,STQ122
151,202420,72609,16/01/2024,15/07/2024,,,I,,,,,1800,1955,CVIRTU,
152,202420,72609,16/01/2024,15/07/2024,L,,,,,,,1800,1955,CEDJ,207
153,202420,72610,16/01/2024,15/07/2024,,,,,,S,,900,1255,CEDJ,207
154,202420,72610,16/01/2024,15/07/2024,,,,,,S,,900,1255,CEDJ,207
155,202420,101081,16/01/2024,15/07/2024,,M,,,,,,700,855,CVIRTU,
156,202420,101081,16/01/2024,15/07/2024,,,,J,,,,700,855,CEDJ,202
157,202420,109734,16/01/2024,15/07/2024,,M,,,,,,700,855,CEDJ,206
158,202420,109734,16/01/2024,15/07/2024,,,,J,,,,700,855,CVIRTU,
159,202420,109735,16/01/2024,15/07/2024,,M,,,,,,900,1055,CEDJ,209
160,202420,109735,16/01/2024,15/07/2024,,,,J,,,,900,1055,CVIRTU,
161,202420,109737,16/01/2024,15/07/2024,,M,,,,,,1400,1555,CEDJ,201
162,202420,109737,16/01/2024,15/07/2024,,,,J,,,,1400,1555,CVIRTU,
163,202420,109740,16/01/2024,15/07/2024,,M,,,,,,1400,1555,CVIRTU,
164,202420,109740,16/01/2024,15/07/2024,,,,J,,,,1400,1555,CEDJ,207
165,202420,109742,16/01/2024,15/07/2024,,,,J,,,,900,1055,CEDJ,201
166,202420,109742,16/01/2024,15/07/2024,,M,,,,,,900,1055,CVIRTU,
167,202420,109743,16/01/2024,15/07/2024,L,,,,,,,1800,1955,CEDJ,206
168,202420,109743,16/01/2024,15/07/2024,,,I,,,,,1800,1955,CVIRTU,
169,202420,109744,16/01/2024,15/07/2024,,M,,,,,,1100,1255,CEDJ,209
170,202420,109744,16/01/2024,15/07/2024,,,,J,,,,1100,1255,CVIRTU,
171,202420,140781,16/01/2024,15/07/2024,,,,,,S,,1230,1355,CBLJ,309
172,202420,140781,16/01/2024,15/07/2024,,,,,,S,,1230,1355,CBLJ,309
173,202420,159470,16/01/2024,15/07/2024,,,,,,S,,800,1355,CEDQ,207
174,202420,178395,16/01/2024,15/07/2024,,M,,,,,,1800,1955,CEDI,201
175,202420,178395,16/01/2024,15/07/2024,,,,J,,,,1800,1955,CVIRTU,
176,202420,109745,16/01/2024,15/07/2024,,,I,,,,,700,855,CEDI,201
177,202420,109745,16/01/2024,15/07/2024,L,,,,,,,700,855,CVIRTU,
178,202420,109746,16/01/2024,15/07/2024,L,,,,,,,1400,1555,CVIRTU,
179,202420,109746,16/01/2024,15/07/2024,,,I,,,,,1400,1555,CEDJ,203
180,202420,109747,16/01/2024,15/07/2024,,M,,,,,,1400,1555,CVIRTU,
181,202420,109747,16/01/2024,15/07/2024,,,,J,,,,1400,1555,CEDJ,202
182,202420,109749,16/01/2024,15/07/2024,L,,,,,,,900,1055,CEDJ,301
183,202420,109749,16/01/2024,15/07/2024,,,I,,,,,900,1055,CVIRTU,
184,202420,134277,16/01/2024,15/07/2024,L,,,,,,,1400,1555,CVIRTU,
185,202420,134277,16/01/2024,15/07/2024,,,I,,,,,1400,1555,CEDJ,201
186,202420,139164,16/01/2024,15/07/2024,,,,,V,,,700,1055,CEDJ,208
187,202420,139164,16/01/2024,15/07/2024,,,,,V,,,700,1055,CEDJ,208
188,202420,139166,16/01/2024,15/07/2024,,,,,,S,,800,1155,CEDJ,202
189,202420,139166,16/01/2024,15/07/2024,,,,,,S,,800,1155,CEDJ,202
190,202420,158486,16/01/2024,15/07/2024,,,,,V,,,1600,1725,CBLJ,301
191,202420,158486,16/01/2024,15/07/2024,,,,,V,,,1600,1725,CBLJ,301
192,202420,178398,16/01/2024,15/07/2024,,,,J,,,,1400,1555,CVIRTU,
193,202420,178398,16/01/2024,15/07/2024,,M,,,,,,1400,1555,CEDJ,202
194,202420,81424,16/01/2024,15/07/2024,,,,J,,,,700,855,CVIRTU,
195,202420,81424,16/01/2024,15/07/2024,,M,,,,,,700,855,CEDJ,209
196,202420,81425,16/01/2024,15/07/2024,,,,,V,,,1600,1955,CEDJ,302
197,202420,81425,16/01/2024,15/07/2024,,,,,V,,,1600,1955,CEDJ,302
198,202420,128691,16/01/2024,15/07/2024,,M,,J,,,,1100,1255,CEDI,308
199,202420,128691,16/01/2024,15/07/2024,,M,,J,,,,1100,1255,CEDI,308
200,202420,128692,16/01/2024,15/07/2024,,,,J,,,,2000,2155,CVIRTU,
201,202420,128692,16/01/2024,15/07/2024,,M,,,,,,2000,2155,CEDJ,205
202,202420,140780,16/01/2024,15/07/2024,,,,,V,,,1900,2025,CBLJ,306
203,202420,140780,16/01/2024,15/07/2024,,,,,V,,,1900,2025,CBLJ,306
204,202420,178400,16/01/2024,15/07/2024,,M,,J,,,,1800,1955,CEDI,301
205,202420,178400,16/01/2024,15/07/2024,,M,,J,,,,1800,1955,CEDI,301
206,202420,164948,16/01/2024,15/07/2024,,,,,,S,,800,1355,CEDQ,209
207,202420,198774,16/01/2024,15/07/2024,,,,,V,,,1000,1255,CVIRTU,
208,202420,43198,16/01/2024,15/07/2024,L,,,,,,,1600,1755,CEDJ,208
209,202420,43198,16/01/2024,15/07/2024,,,I,,,,,1600,1755,CVIRTU,
210,202420,43199,16/01/2024,15/07/2024,L,,,,,,,2000,2155,CEDJ,206
211,202420,43199,16/01/2024,15/07/2024,,,I,,,,,2000,2155,CVIRTU,
212,202420,43200,16/01/2024,15/07/2024,L,,,,,,,2000,2155,CEDJ,205
213,202420,43200,16/01/2024,15/07/2024,,,I,,,,,2000,2155,CVIRTU,
214,202420,43201,16/01/2024,15/07/2024,,M,,,,,,1800,1955,CEDJ,207
215,202420,43201,16/01/2024,15/07/2024,,,,J,,,,1800,1955,CVIRTU,
216,202420,43202,16/01/2024,15/07/2024,,M,,,,,,2000,2155,CEDJ,206
217,202420,43202,16/01/2024,15/07/2024,,,,J,,,,2000,2155,CVIRTU,
218,202420,43203,16/01/2024,15/07/2024,L,,I,,,,,1800,1955,CEDI,309
219,202420,43203,16/01/2024,15/07/2024,L,,I,,,,,1800,1955,CEDI,309
220,202420,43204,16/01/2024,15/07/2024,,M,,J,,,,1600,1755,CEDM,105
221,202420,43204,16/01/2024,15/07/2024,,M,,J,,,,1600,1755,CEDM,105
222,202420,43205,16/01/2024,15/07/2024,,M,,J,,,,700,855,CEDJ,205
223,202420,43205,16/01/2024,15/07/2024,,M,,J,,,,700,855,CEDJ,205
224,202420,43206,16/01/2024,15/07/2024,,M,,J,,,,1800,1955,CEDI,309
225,202420,43206,16/01/2024,15/07/2024,,M,,J,,,,1800,1955,CEDI,309
226,202420,43207,16/01/2024,15/07/2024,L,,,,,,,700,855,CEDJ,209
227,202420,43207,16/01/2024,15/07/2024,,,I,,,,,700,855,CVIRTU,
228,202420,67187,16/01/2024,15/07/2024,,M,,,,,,700,855,CEDJ,307
229,202420,67187,16/01/2024,15/07/2024,,,,J,,,,700,855,CVIRTU,
230,202420,102513,16/01/2024,15/07/2024,L,,I,,,,,1100,1255,CEDJ,207
231,202420,102513,16/01/2024,15/07/2024,L,,I,,,,,1100,1255,CEDJ,207
232,202420,122568,16/01/2024,15/07/2024,,,,,,S,,800,925,CBLK,208
233,202420,122568,16/01/2024,15/07/2024,,,,,,S,,800,925,CBLK,208
234,202420,133211,16/01/2024,15/07/2024,L,,I,,,,,2000,2155,CEDJ,208
235,202420,133211,16/01/2024,15/07/2024,L,,I,,,,,2000,2155,CEDJ,208
236,202420,133212,16/01/2024,15/07/2024,,,,,V,,,1000,1355,CEDJ,204
237,202420,133212,16/01/2024,15/07/2024,,,,,V,,,1000,1355,CEDJ,204
238,202420,139167,16/01/2024,15/07/2024,,,,,,S,,800,1155,CEDJ,209
239,202420,139167,16/01/2024,15/07/2024,,,,,,S,,800,1155,CEDJ,209
240,202420,139168,16/01/2024,15/07/2024,,,,,V,,,900,1255,CEDJ,205
241,202420,139168,16/01/2024,15/07/2024,,,,,V,,,900,1255,CEDJ,205
242,202420,66346,16/01/2024,15/07/2024,L,,,,,,,700,855,CEDJ,207
243,202420,66346,16/01/2024,15/07/2024,,,I,,,,,700,855,CVIRTU,
244,202420,66350,16/01/2024,15/07/2024,L,,I,,,,,900,1055,CVIRTU,
245,202420,66350,16/01/2024,15/07/2024,L,,I,,,,,900,1055,CVIRTU,
246,202420,66352,16/01/2024,15/07/2024,,,,,V,,,1900,2025,CBLH,301
247,202420,66352,16/01/2024,15/07/2024,,,,,V,,,1900,2025,CBLH,301
248,202420,66355,16/01/2024,15/07/2024,,M,,J,,,,900,1055,CVIRTU,
249,202420,66355,16/01/2024,15/07/2024,,M,,J,,,,900,1055,CVIRTU,
250,202420,66360,16/01/2024,15/07/2024,,,,J,,,,1600,1755,CEDJ,206
251,202420,66360,16/01/2024,15/07/2024,,M,,,,,,1600,1755,CVIRTU,
252,202420,66364,16/01/2024,15/07/2024,,M,,,,,,1800,1955,CVIRTU,
253,202420,66364,16/01/2024,15/07/2024,,,,J,,,,1800,1955,CEDJ,201
254,202420,66369,16/01/2024,15/07/2024,L,,,,,,,1800,1955,CEDJ,202
255,202420,66369,16/01/2024,15/07/2024,,,I,,,,,1800,1955,CVIRTU,
256,202420,66374,16/01/2024,15/07/2024,L,,,,,,,2000,2155,CEDJ,308
257,202420,66374,16/01/2024,15/07/2024,,,I,,,,,2000,2155,CVIRTU,
258,202420,128687,16/01/2024,15/07/2024,L,,,,,,,900,1055,CEDJ,201
259,202420,128687,16/01/2024,15/07/2024,,,I,,,,,900,1055,CVIRTU,
260,202420,128688,16/01/2024,15/07/2024,,,,,V,,,700,1055,CEDJ,302
261,202420,128688,16/01/2024,15/07/2024,,,,,V,,,700,1055,CEDJ,302
262,202420,121331,16/01/2024,15/07/2024,,,,,,S,,800,1155,CEDJ,309
263,202420,121331,16/01/2024,15/07/2024,,,,,,S,,800,1155,CEDJ,309
264,202420,182198,16/01/2024,15/07/2024,,,,,,S,,800,1355,CEDQ,103
265,202420,101083,16/01/2024,15/07/2024,,,I,,,,,700,855,CVIRTU,
266,202420,101083,16/01/2024,15/07/2024,L,,,,,,,700,855,CEDJ,201
267,202420,101084,16/01/2024,15/07/2024,,M,,,,,,1600,1755,CEDJ,203
268,202420,101084,16/01/2024,15/07/2024,,,,J,,,,1600,1755,CVIRTU,
269,202420,101085,16/01/2024,15/07/2024,,,,J,,,,1100,1255,CVIRTU,
270,202420,101085,16/01/2024,15/07/2024,,M,,,,,,1100,1255,CEDJ,204
271,202420,122472,16/01/2024,15/07/2024,,,,J,,,,2000,2155,CVIRTU,
272,202420,122472,16/01/2024,15/07/2024,,M,,,,,,2000,2155,CEDJ,208
273,202420,128683,16/01/2024,15/07/2024,,M,,,,,,700,855,CEDJ,203
274,202420,128683,16/01/2024,15/07/2024,,,,J,,,,700,855,CVIRTU,
275,202420,172599,16/01/2024,15/07/2024,,M,,,,,,1600,1755,CEDJ,209
276,202420,172599,16/01/2024,15/07/2024,,,,J,,,,1600,1755,CVIRTU,
277,202420,199351,16/01/2024,15/07/2024,L,,,,,,,1800,1955,CEDJ,203
278,202420,199351,16/01/2024,15/07/2024,,,I,,,,,1800,1955,CVIRTU,
279,202420,72613,16/01/2024,15/07/2024,,M,,,,,,1600,1755,CEDJ,206
280,202420,72613,16/01/2024,15/07/2024,,,,J,,,,1600,1755,CVIRTU,
281,202420,72614,16/01/2024,15/07/2024,L,,,,,,,1100,1255,CVIRTU,
282,202420,72614,16/01/2024,15/07/2024,,,I,,,,,1100,1255,CEDJ,204
283,202420,72615,16/01/2024,15/07/2024,,,I,,,,,900,1055,CEDJ,201
284,202420,72615,16/01/2024,15/07/2024,L,,,,,,,900,1055,CVIRTU,
285,202420,129549,16/01/2024,15/07/2024,,M,,,,,,700,855,CEDJ,202
286,202420,129549,16/01/2024,15/07/2024,,,,J,,,,700,855,CVIRTU,
287,202420,129550,16/01/2024,15/07/2024,,,I,,,,,2000,2155,CEDJ,306
288,202420,129550,16/01/2024,15/07/2024,L,,,,,,,2000,2155,CVIRTU,
289,202420,190236,16/01/2024,15/07/2024,L,,,,,,,1100,1255,CEDJ,303
290,202420,190236,16/01/2024,15/07/2024,,,I,,,,,1100,1255,CVIRTU,
291,202420,190237,16/01/2024,15/07/2024,,,,J,,,,1600,1755,CEDJ,309
292,202420,190237,16/01/2024,15/07/2024,,M,,,,,,1600,1755,CVIRTU,
293,202420,81411,16/01/2024,15/07/2024,L,,,,,,,700,855,CVIRTU,
294,202420,81411,16/01/2024,15/07/2024,,,I,,,,,700,855,CEDJ,203
295,202420,81413,16/01/2024,15/07/2024,,,I,,,,,1400,1555,CVIRTU,
296,202420,81413,16/01/2024,15/07/2024,L,,,,,,,1400,1555,CEDJ,201
297,202420,81416,16/01/2024,15/07/2024,,,,J,,,,1800,1955,CVIRTU,
298,202420,81416,16/01/2024,15/07/2024,,M,,,,,,1800,1955,CEDJ,209
299,202420,81417,16/01/2024,15/07/2024,,,I,,,,,1100,1255,CVIRTU,
300,202420,81417,16/01/2024,15/07/2024,L,,,,,,,1100,1255,CEDJ,208
301,202420,81418,16/01/2024,15/07/2024,,,,J,,,,900,1055,CVIRTU,
302,202420,81418,16/01/2024,15/07/2024,,M,,,,,,900,1055,CEDJ,208
303,202420,81419,16/01/2024,15/07/2024,,,,,V,,,1400,1755,CVIRTU,
304,202420,81419,16/01/2024,15/07/2024,,,,,V,,,1400,1755,CVIRTU,
305,202420,81420,16/01/2024,15/07/2024,,M,,J,,,,900,1055,CEDJ,207
306,202420,81420,16/01/2024,15/07/2024,,M,,J,,,,900,1055,CEDJ,207
307,202420,83242,16/01/2024,15/07/2024,,,,,V,,,2030,2155,CBLK,203
308,202420,83242,16/01/2024,15/07/2024,,,,,V,,,2030,2155,CBLK,203
309,202420,101088,16/01/2024,15/07/2024,,,,,V,,,700,955,CEDJ,204
310,202420,101088,16/01/2024,15/07/2024,,,,,V,,,700,955,CEDJ,204
311,202420,101089,16/01/2024,15/07/2024,,M,,,,,,1800,1955,CEDJ,206
312,202420,101089,16/01/2024,15/07/2024,,,,J,,,,1800,1955,CVIRTU,
313,202420,121329,16/01/2024,15/07/2024,,,,J,,,,1600,1755,CVIRTU,
314,202420,121329,16/01/2024,15/07/2024,,M,,,,,,1600,1755,CEDJ,207
315,202420,178403,16/01/2024,15/07/2024,,,,J,,,,1800,1955,CEDI,206
316,202420,178403,16/01/2024,15/07/2024,,M,,,,,,1800,1955,CVIRTU,
317,202420,190238,16/01/2024,15/07/2024,,,,,V,,,700,955,CEDJ,303
318,202420,190238,16/01/2024,15/07/2024,,,,,V,,,700,955,CEDJ,303
319,202420,199350,16/01/2024,15/07/2024,,,I,,,,,700,855,CEDJ,201
320,202420,199350,16/01/2024,15/07/2024,L,,,,,,,700,855,CVIRTU,
321,202420,109751,16/01/2024,15/07/2024,,,I,,,,,1400,1555,CVIRTU,
322,202420,109751,16/01/2024,15/07/2024,L,,,,,,,1400,1555,CEDJ,205
323,202420,128693,16/01/2024,15/07/2024,L,,,,,,,1100,1255,CEDJ,309
324,202420,128693,16/01/2024,15/07/2024,,,I,,,,,1100,1255,CVIRTU,
325,202420,128694,16/01/2024,15/07/2024,,M,,J,,,,700,855,CEDJ,201
326,202420,128694,16/01/2024,15/07/2024,,M,,J,,,,700,855,CEDJ,201
327,202420,147166,16/01/2024,15/07/2024,,,,,,S,,800,925,CBLK,206
328,202420,147166,16/01/2024,15/07/2024,,,,,,S,,800,925,CBLK,206
329,202420,199349,16/01/2024,15/07/2024,L,,,,,,,700,855,CEDJ,202
330,202420,199349,16/01/2024,15/07/2024,,,I,,,,,700,855,CVIRTU,
331,202420,164951,16/01/2024,15/07/2024,,,,,,S,,800,1355,CEDQ,209
332,202420,66413,16/01/2024,15/07/2024,L,,,,,,,1600,1755,CEDJ,201
333,202420,66413,16/01/2024,15/07/2024,,,I,,,,,1600,1755,CVIRTU,
334,202420,66417,16/01/2024,15/07/2024,L,,,,,,,900,1055,CEDJ,308
335,202420,66417,16/01/2024,15/07/2024,,,I,,,,,900,1055,CVIRTU,
336,202420,66419,16/01/2024,15/07/2024,L,,,,,,,1100,1255,CEDJ,205
337,202420,66419,16/01/2024,15/07/2024,,,I,,,,,1100,1255,CVIRTU,
338,202420,74218,16/01/2024,15/07/2024,,,I,,,,,1100,1255,CVIRTU,
339,202420,74218,16/01/2024,15/07/2024,L,,,,,,,1100,1255,CEDI,206
340,202420,74219,16/01/2024,15/07/2024,L,,,,,,,1600,1755,CEDJ,205
341,202420,74219,16/01/2024,15/07/2024,,,I,,,,,1600,1755,CVIRTU,
342,202420,81404,16/01/2024,15/07/2024,,M,,,,,,1800,1955,CVIRTU,
343,202420,81404,16/01/2024,15/07/2024,,,,J,,,,1800,1955,CEDJ,204
344,202420,81406,16/01/2024,15/07/2024,L,,,,,,,1600,1755,CEDJ,206
345,202420,81406,16/01/2024,15/07/2024,,,I,,,,,1600,1755,CVIRTU,
346,202420,81407,16/01/2024,15/07/2024,L,,,,,,,1600,1755,CEDJ,207
347,202420,81407,16/01/2024,15/07/2024,,,I,,,,,1600,1755,CVIRTU,
348,202420,81408,16/01/2024,15/07/2024,,,I,,,,,1800,1955,CVIRTU,
349,202420,81408,16/01/2024,15/07/2024,L,,,,,,,1800,1955,CEDJ,208
350,202420,81409,16/01/2024,15/07/2024,,M,,,,,,700,855,CVIRTU,
351,202420,81409,16/01/2024,15/07/2024,,,,J,,,,700,855,CEDJ,207
352,202420,83210,16/01/2024,15/07/2024,,,,,,S,,930,1055,CBLJ,203
353,202420,83210,16/01/2024,15/07/2024,,,,,,S,,930,1055,CBLJ,203
354,202420,168442,16/01/2024,15/07/2024,,,,,,S,,800,1355,CEDQ,212
355,202420,168444,16/01/2024,15/07/2024,L,,,,,,,1100,1355,CEDQ,211
356,202420,123099,16/01/2024,15/07/2024,,,,,V,,,1600,1855,CEDJ,204
357,202420,123099,16/01/2024,15/07/2024,,,,,V,,,1600,1855,CEDJ,204
358,202420,123100,16/01/2024,15/07/2024,,,,,V,,,700,955,CEDH,303
359,202420,123100,16/01/2024,15/07/2024,,,,,V,,,700,955,CEDH,303
360,202420,172598,16/01/2024,15/07/2024,,,,,V,,,1000,1255,CEDJ,303
361,202420,172598,16/01/2024,15/07/2024,,,,,V,,,1000,1255,CEDJ,303
362,202420,185036,16/01/2024,15/07/2024,,,,,V,,,1500,1855,CEDJ,204
363,202420,185036,16/01/2024,15/07/2024,,,,,V,,,1500,1855,CEDJ,204
364,202420,43208,16/01/2024,15/07/2024,,M,,,,,,1100,1255,CEDJ,205
365,202420,43208,16/01/2024,15/07/2024,,,,J,,,,1100,1255,CVIRTU,
366,202420,43210,16/01/2024,15/07/2024,,M,,,,,,900,1055,CEDJ,203
367,202420,43210,16/01/2024,15/07/2024,,,,J,,,,900,1055,CVIRTU,
368,202420,43211,16/01/2024,15/07/2024,L,,I,,,,,700,855,CVIRTU,
369,202420,43211,16/01/2024,15/07/2024,L,,I,,,,,700,855,CVIRTU,
370,202420,43212,16/01/2024,15/07/2024,,,,,V,,,700,1055,CEDJ,201
371,202420,43212,16/01/2024,15/07/2024,,,,,V,,,700,1055,CEDJ,201
372,202420,43213,16/01/2024,15/07/2024,L,,,,,,,900,1055,CEDJ,208
373,202420,43213,16/01/2024,15/07/2024,,,I,,,,,900,1055,CVIRTU,
374,202420,43214,16/01/2024,15/07/2024,,M,,,,,,2000,2155,CEDJ,209
375,202420,43214,16/01/2024,15/07/2024,,,,J,,,,2000,2155,CVIRTU,
376,202420,43215,16/01/2024,15/07/2024,,M,,,,,,1600,1755,CVIRTU,
377,202420,43215,16/01/2024,15/07/2024,,,,J,,,,1600,1755,CEDJ,201
378,202420,66567,16/01/2024,15/07/2024,,,,J,,,,1600,1755,CEDJ,203
379,202420,66567,16/01/2024,15/07/2024,,M,,,,,,1600,1755,CVIRTU,
380,202420,122596,16/01/2024,15/07/2024,,,,,,S,,930,1055,CBLK,206
381,202420,122596,16/01/2024,15/07/2024,,,,,,S,,930,1055,CBLK,206
382,202420,164953,16/01/2024,15/07/2024,,,,,V,,,1800,2155,CVIRTU,
383,202420,189696,16/01/2024,15/07/2024,,,,,V,,,1700,2155,CEDQ,208
384,202420,189697,16/01/2024,15/07/2024,,,,,V,,,1700,2155,CEDQ,209
385,202420,189697,16/01/2024,15/07/2024,,,,,V,,,1700,2155,CEDQ,209
386,202420,168445,16/01/2024,15/07/2024,,,,,,S,,800,1355,CEDQ,210
387,202420,168447,16/01/2024,15/07/2024,,,,,V,,,1700,2155,CEDQ,212
388,202420,189698,16/01/2024,15/07/2024,,,,,V,,,1700,2155,CEDQ,208
389,202420,168448,16/01/2024,15/07/2024,,,,,,S,,800,1355,CEDQ,208
390,202420,189699,16/01/2024,15/07/2024,,,,,V,,,1700,2155,CEDQ,212
391,202420,128686,16/01/2024,15/07/2024,,,,J,,,,1600,1755,CEDJ,205
392,202420,128686,16/01/2024,15/07/2024,,M,,,,,,1600,1755,CVIRTU,
